City_ID,City,Country,Lat,Lng,Max Temp,Humidity,Cloudiness,Wind Speed,Current Description
0,Hot Springs,US,34.5037,-93.0552,72.0,89,90,4.0,overcast clouds
1,Lashio,MM,22.9333,97.75,66.56,97,73,2.21,broken clouds
2,Mossendjo,CG,-2.9506,12.7261,83.46,60,99,3.6,overcast clouds
3,Avera,US,33.194,-82.5271,52.72,75,69,5.88,broken clouds
4,Te Anau,NZ,-45.4167,167.7167,50.95,98,93,1.01,overcast clouds
5,Puerto Ayora,EC,-0.7393,-90.3518,68.99,90,96,7.2,overcast clouds
6,Tiksi,RU,71.6872,128.8694,4.77,95,100,8.63,overcast clouds
7,Kirando,TZ,-7.4167,30.6,86.77,52,61,9.73,broken clouds
8,Kiunga,PG,-6.1219,141.2906,75.16,99,100,5.08,light rain
9,Eyl,SO,7.9803,49.8164,83.66,62,5,16.28,clear sky
10,Albany,US,42.6001,-73.9662,38.53,90,5,3.0,clear sky
11,Mataura,NZ,-46.1927,168.8643,51.82,91,100,0.27,overcast clouds
12,Gamba,GA,-2.65,10.0,78.8,80,100,5.75,overcast clouds
13,Hermanus,ZA,-34.4187,19.2345,71.91,55,25,11.39,scattered clouds
14,Mehamn,NO,71.0357,27.8492,34.47,66,86,10.69,light rain
15,Barrow,US,71.2906,-156.7887,28.42,86,90,9.22,snow
16,West Norriton,US,40.1296,-75.3785,48.22,89,90,0.0,mist
17,Fraser,US,42.5392,-82.9494,38.03,93,1,0.0,clear sky
18,Morant Bay,JM,17.8815,-76.4093,80.22,83,49,8.81,scattered clouds
19,Broome,US,42.2506,-75.833,42.35,86,90,4.61,fog
20,Cape Town,ZA,-33.9258,18.4232,72.12,35,0,4.0,clear sky
21,Hobart,AU,-42.8794,147.3294,48.06,83,75,4.0,broken clouds
22,Moussoro,TD,13.6408,16.4901,100.67,13,25,13.02,scattered clouds
23,Sakata,JP,38.9167,139.855,53.78,87,75,3.44,broken clouds
24,Kapaa,US,22.0752,-159.319,75.52,83,75,16.11,broken clouds
25,Shegaon,IN,20.7833,76.6833,80.31,57,29,3.4,scattered clouds
26,Ushuaia,AR,-54.8,-68.3,35.26,87,75,14.97,broken clouds
27,Luanda,AO,-8.8368,13.2343,78.8,78,75,8.05,broken clouds
28,Tampin,MY,2.4701,102.2302,83.62,89,80,1.5,broken clouds
29,Jaisalmer,IN,26.9147,70.9181,87.06,25,0,6.98,clear sky
30,Luang Prabang,LA,19.8856,102.1347,76.68,76,98,0.78,overcast clouds
31,Najran,SA,17.4924,44.1277,86.65,11,3,10.09,clear sky
32,Bengkulu,ID,-3.8004,102.2655,77.83,85,83,0.43,very heavy rain
33,Lompoc,US,34.6391,-120.4579,58.14,92,75,0.0,broken clouds
34,Qaanaaq,GL,77.484,-69.3632,-0.72,59,0,8.84,clear sky
35,Castro,BR,-24.7911,-50.0119,60.76,97,100,8.12,light rain
36,East London,ZA,-33.0153,27.9116,65.34,68,20,11.5,few clouds
37,Bluff,NZ,-46.6,168.3333,52.21,94,100,1.61,overcast clouds
38,Yellowknife,CA,62.456,-114.3525,41.41,89,90,12.66,overcast clouds
39,Ena,JP,35.4498,137.4128,57.0,85,99,3.71,overcast clouds
40,Punta Arenas,CL,-53.15,-70.9167,37.51,87,90,17.27,light rain
41,Bandarbeyla,SO,9.4942,50.8122,81.54,63,10,11.61,clear sky
42,Rikitea,PF,-23.1203,-134.9692,74.59,72,88,17.05,overcast clouds
43,Margate,GB,51.3813,1.3862,58.17,64,52,4.0,broken clouds
44,Kholtoson,RU,50.2981,103.3097,33.89,60,21,3.67,few clouds
45,Busselton,AU,-33.65,115.3333,63.09,86,100,9.51,overcast clouds
46,Kavieng,PG,-2.5744,150.7967,82.36,77,97,9.35,overcast clouds
47,Arraial Do Cabo,BR,-22.9661,-42.0278,78.76,73,40,10.36,scattered clouds
48,Port Macquarie,AU,-31.4333,152.9167,64.89,70,87,6.51,overcast clouds
49,Jalu,LY,29.0331,21.5482,88.52,19,54,9.06,broken clouds
50,Naze,JP,28.3667,129.4833,71.19,62,100,19.22,overcast clouds
51,Atuona,PF,-9.8,-139.0333,77.43,73,15,15.73,few clouds
52,Eureka,US,40.8021,-124.1637,60.37,79,100,8.99,light rain
53,Okoneshnikovo,RU,54.8377,75.0834,50.83,71,91,10.4,overcast clouds
54,Dongzhen,CN,22.3797,110.9389,68.04,70,27,5.14,scattered clouds
55,Lermontovka,RU,47.1453,134.3383,42.3,59,0,4.83,clear sky
56,Hilo,US,19.7297,-155.09,74.28,79,75,6.91,broken clouds
57,Gold Coast,AU,-28.0,153.4333,73.99,86,90,5.01,overcast clouds
58,Tuktoyaktuk,CA,69.4541,-133.0374,21.0,95,60,6.22,broken clouds
59,Vaini,TO,-21.2,-175.2,69.96,83,20,5.75,few clouds
60,Lokosovo,RU,61.1333,74.8167,33.82,77,67,8.57,broken clouds
61,Upernavik,GL,72.7868,-56.1549,17.71,71,100,11.41,overcast clouds
62,Port Moresby,PG,-9.4431,147.1797,80.02,89,75,13.8,broken clouds
63,Acapulco,MX,16.8634,-99.8901,75.52,87,100,9.75,overcast clouds
64,Port Hedland,AU,-20.3167,118.5667,80.65,54,1,6.91,clear sky
65,Qaqortoq,GL,60.7167,-46.0333,32.5,55,42,2.98,scattered clouds
66,Longyearbyen,SJ,78.2186,15.6401,15.64,79,0,8.05,clear sky
67,Nikel,RU,69.4128,30.222,30.38,90,19,6.55,few clouds
68,Novi Pazar,RS,43.1367,20.5122,52.95,46,20,5.12,few clouds
69,Kruisfontein,ZA,-34.0033,24.7314,63.93,41,87,8.88,overcast clouds
70,Bredasdorp,ZA,-34.5322,20.0403,69.28,45,56,11.5,broken clouds
71,Goundam,ML,16.4145,-3.6708,98.6,23,48,11.95,scattered clouds
72,Ribeira Grande,PT,38.5167,-28.7,68.4,60,20,11.5,few clouds
73,Vila Franca Do Campo,PT,37.7167,-25.4333,70.21,58,33,6.64,scattered clouds
74,Severo-Kurilsk,RU,50.6789,156.125,38.01,75,100,9.71,overcast clouds
75,Pevek,RU,69.7008,170.3133,8.08,93,100,1.92,overcast clouds
76,Avarua,CK,-21.2078,-159.775,69.85,68,20,4.61,few clouds
77,Saskylakh,RU,71.9167,114.0833,-5.15,98,87,5.88,overcast clouds
78,Nanortalik,GL,60.1432,-45.2371,35.4,69,24,15.84,few clouds
79,Somerset East,ZA,-32.7217,25.588,64.89,30,16,8.77,few clouds
80,Mogadishu,SO,2.0371,45.3438,85.87,84,20,13.8,few clouds
81,Salta,AR,-24.7859,-65.4117,65.57,62,20,4.0,few clouds
82,Puerto Colombia,CO,10.9878,-74.9547,77.09,82,97,6.35,overcast clouds
83,Victoria,HK,22.2855,114.1577,73.38,68,13,1.01,light rain
84,Srednekolymsk,RU,67.45,153.6833,-9.85,96,82,3.31,broken clouds
85,Shambu,ET,9.5667,37.1,65.39,47,19,1.3,few clouds
86,Zabol,AF,32.25,67.25,61.03,13,0,2.82,clear sky
87,Oktyabrskoye,RU,43.0645,44.7417,66.34,34,81,2.24,broken clouds
88,Aksarka,RU,66.5606,67.7975,25.75,79,15,18.39,few clouds
89,Olafsvik,IS,64.8945,-23.7142,42.24,88,96,16.44,overcast clouds
90,Torbay,CA,47.6666,-52.7314,60.76,98,90,12.66,very heavy rain
91,Svetlaya,RU,46.5389,138.3297,45.66,65,0,7.96,clear sky
92,Shingu,JP,33.7333,135.9833,58.37,83,99,6.44,overcast clouds
93,Dikson,RU,73.5069,80.5464,7.09,86,100,18.21,overcast clouds
94,Touros,BR,-5.1989,-35.4608,85.1,64,68,13.71,broken clouds
95,Kharp,RU,66.8014,65.8081,23.97,87,72,11.16,broken clouds
96,Roald,NO,62.5833,6.1333,55.54,62,75,12.66,broken clouds
97,Hithadhoo,MV,-0.6,73.0833,82.56,74,39,13.65,scattered clouds
98,Mahebourg,MU,-20.4081,57.7,79.25,69,75,14.97,broken clouds
99,Leh,IN,34.1667,77.5833,34.7,80,100,3.74,light rain
100,Ponta Do Sol,PT,32.6667,-17.1,73.0,49,24,4.94,few clouds
101,Butaritari,KI,3.0707,172.7902,80.46,71,80,1.32,broken clouds
102,New Norfolk,AU,-42.7826,147.0587,47.7,69,96,1.99,overcast clouds
103,Garissa,KE,-0.4536,39.6401,97.29,30,14,10.16,few clouds
104,Talitsy,RU,56.5289,42.3344,39.0,91,100,8.81,moderate rain
105,Quatre Cocos,MU,-20.2078,57.7625,79.09,71,33,13.94,scattered clouds
106,Fare,PF,-16.7,-151.0167,75.33,91,100,10.76,moderate rain
107,Dali,CN,25.7,100.1833,57.79,92,39,5.53,scattered clouds
108,Santa Rosa De Aguan,HN,15.95,-85.7167,77.41,82,36,6.2,scattered clouds
109,Morondava,MG,-20.2833,44.2833,83.93,51,0,15.1,clear sky
110,Pedernales,DO,18.0384,-71.744,81.43,62,23,2.42,few clouds
111,Kavaratti,IN,10.5669,72.642,82.2,71,90,1.68,overcast clouds
112,Krasnovishersk,RU,60.4078,57.082,38.44,94,100,2.59,overcast clouds
113,Shwebo,MM,22.5667,95.7,78.01,79,55,1.12,broken clouds
114,Lloydminster,CA,53.2835,-110.0016,39.42,93,90,9.22,overcast clouds
115,Siavonga,ZM,-16.5382,28.7088,97.32,29,9,6.51,clear sky
116,Areka,ET,7.0667,37.7,77.16,40,11,4.36,few clouds
117,Hualmay,PE,-11.0964,-77.6139,61.79,85,34,7.78,scattered clouds
118,Nikolskoye,RU,59.7035,30.7861,37.29,66,75,6.6,broken clouds
119,Kemijarvi,FI,66.7131,27.4306,26.17,82,79,6.53,broken clouds
120,Ghazipur,IN,25.5833,83.5667,79.61,60,26,1.39,scattered clouds
121,Pringsewu,ID,-5.3582,104.9744,76.23,92,62,3.33,broken clouds
122,Xining,CN,36.6167,101.7667,45.57,66,48,4.36,scattered clouds
123,Hovd,MN,48.0056,91.6419,37.29,31,30,0.78,scattered clouds
124,Mar Del Plata,AR,-38.0023,-57.5575,55.99,67,0,8.01,clear sky
125,Iqaluit,CA,63.7506,-68.5145,29.93,86,90,8.99,overcast clouds
126,Kandrian,PG,-6.2167,149.55,78.01,89,29,5.99,scattered clouds
127,Poum,NC,-20.2333,164.0167,74.17,78,54,11.07,broken clouds
128,Tancheng,CN,27.4375,115.4976,58.42,85,92,2.55,light rain
129,Meybod,IR,32.2501,54.0166,78.82,13,0,8.08,clear sky
130,Lebu,CL,-37.6167,-73.65,52.75,80,40,5.01,scattered clouds
131,Narsaq,GL,60.9167,-46.05,32.22,48,39,4.43,scattered clouds
132,Akyab,MM,20.15,92.9,79.88,73,93,8.28,overcast clouds
133,Sola,VU,-13.8833,167.55,80.76,77,25,15.5,scattered clouds
134,Kendari,ID,-3.945,122.4989,77.54,89,93,3.09,light rain
135,Sfantu Gheorghe,RO,45.8667,25.7833,52.93,41,23,11.1,few clouds
136,Opuwo,NA,-18.0607,13.84,95.18,11,4,12.77,clear sky
137,Chatellerault,FR,46.8,0.5333,65.3,61,9,9.75,clear sky
138,Lubumbashi,CD,-11.6609,27.4794,96.73,16,64,5.08,broken clouds
139,Honiara,SB,-9.4333,159.95,79.32,85,43,0.81,scattered clouds
140,Bethel,US,41.3712,-73.414,44.49,91,40,0.0,scattered clouds
141,Kidal,ML,18.4411,1.4078,98.38,19,16,3.87,few clouds
142,Rockingham,US,42.9668,-71.0995,42.55,80,1,8.75,clear sky
143,Iskateley,RU,67.6803,53.1512,25.21,88,64,7.58,broken clouds
144,Goderich,CA,43.7501,-81.7165,42.57,93,11,3.44,few clouds
145,Bambous Virieux,MU,-20.3428,57.7575,79.21,69,75,14.97,broken clouds
146,Vardo,NO,70.3705,31.1107,32.2,60,78,20.29,broken clouds
147,Riberalta,BO,-10.9833,-66.1,79.0,89,87,6.91,overcast clouds
148,Vangaindrano,MG,-23.35,47.6,83.89,71,12,14.81,few clouds
149,Guerrero Negro,MX,27.9769,-114.0611,63.28,77,1,11.21,clear sky
150,Gorontalo,ID,0.5412,123.0595,77.31,88,95,2.17,overcast clouds
151,Marzuq,YE,14.4,46.4667,83.77,13,8,9.17,clear sky
152,Gimli,CA,50.6336,-96.9907,41.02,70,8,9.22,clear sky
153,Maneromango,TZ,-7.1988,38.7848,85.75,27,68,8.48,broken clouds
154,Kaitangata,NZ,-46.2817,169.8464,50.38,97,96,1.32,overcast clouds
155,Bintulu,MY,3.1667,113.0333,81.01,88,20,0.0,few clouds
156,Barranca,PE,-10.75,-77.7667,61.25,84,68,6.15,broken clouds
157,Whitecourt,CA,54.1502,-115.6855,35.67,99,100,1.79,overcast clouds
158,Jamestown,US,42.097,-79.2353,45.99,99,90,3.44,mist
159,Hambantota,LK,6.1241,81.1185,88.14,74,20,13.8,few clouds
160,Klaksvik,FO,62.2266,-6.589,50.92,92,93,22.46,overcast clouds
161,Anage,BR,-14.6122,-41.1356,79.99,69,92,6.2,overcast clouds
162,Cherskiy,RU,68.75,161.3,-9.11,99,93,5.64,overcast clouds
163,Grants,US,35.1473,-107.8514,41.23,70,1,0.0,clear sky
164,Atar,MR,20.5169,-13.0499,96.35,13,1,9.06,clear sky
165,Sitka,US,57.0531,-135.33,46.29,66,20,10.36,few clouds
166,Beipiao,CN,41.7919,120.7792,49.37,53,1,4.52,clear sky
167,Carnarvon,AU,-24.8667,113.6333,71.67,78,90,18.41,overcast clouds
168,Manaure,CO,11.7751,-72.4445,82.63,74,19,17.27,few clouds
169,Yar-Sale,RU,66.8333,70.8333,27.82,75,77,23.85,broken clouds
170,Lorengau,PG,-2.0226,147.2712,82.17,76,96,7.36,overcast clouds
171,Lanxi,CN,29.2195,119.477,57.29,88,92,1.59,overcast clouds
172,Chokurdakh,RU,70.6333,147.9167,-16.19,100,67,3.8,broken clouds
173,Moundou,TD,8.5667,16.0833,92.91,46,36,2.71,scattered clouds
174,Trairi,BR,-3.2778,-39.2689,85.08,61,100,14.58,overcast clouds
175,Half Moon Bay,US,37.4636,-122.4286,62.02,95,90,8.01,mist
176,Nouadhibou,MR,20.931,-17.0347,75.18,57,0,17.27,clear sky
177,Rangpur,BD,25.75,89.25,76.87,76,3,3.42,clear sky
178,Geraldton,AU,-28.7667,114.6,66.61,77,90,17.27,overcast clouds
179,Dwarka,IN,22.2394,68.9678,82.67,60,0,11.68,clear sky
180,Buta,CD,2.7858,24.73,89.24,53,75,2.53,broken clouds
181,Pandavapura,IN,12.5006,76.6733,84.47,81,63,3.98,broken clouds
182,Shimoda,JP,34.6667,138.95,61.72,66,97,6.46,overcast clouds
183,Sobolevo,RU,54.4299,31.8996,38.66,66,92,13.82,overcast clouds
184,Port Alfred,ZA,-33.5906,26.891,63.79,62,86,10.87,overcast clouds
185,Honningsvag,NO,70.9821,25.9704,37.35,60,91,8.72,overcast clouds
186,Provideniya,RU,64.3833,-173.3,21.24,81,90,8.88,overcast clouds
187,Tasiilaq,GL,65.6145,-37.6368,32.16,93,100,21.5,snow
188,Buin,CL,-33.7333,-70.75,50.32,32,1,1.88,clear sky
189,Luwingu,ZM,-10.2621,29.9271,95.85,16,66,1.34,broken clouds
190,Vostok,RU,46.4856,135.8833,33.6,75,0,5.61,clear sky
191,Lavrentiya,RU,65.5833,-171.0,22.78,84,100,10.2,overcast clouds
192,Codrington,AU,-38.2667,141.9667,47.84,67,69,11.45,broken clouds
193,Dunedin,NZ,-45.8742,170.5036,56.8,90,70,11.01,broken clouds
194,Makakilo City,US,21.3469,-158.0858,75.56,68,1,0.0,clear sky
195,Svetlogorsk,BY,52.6333,29.7333,41.04,58,91,13.15,overcast clouds
196,Saint-Philippe,RE,-21.3585,55.7679,80.47,70,14,10.6,few clouds
197,Rawson,AR,-43.3002,-65.1023,57.54,30,33,21.07,scattered clouds
198,Yuci,CN,37.6803,112.7319,51.55,66,2,4.47,clear sky
199,Fernandina Beach,US,30.6697,-81.4626,73.94,86,1,0.0,clear sky
200,Airai,TL,-8.9266,125.4092,64.83,87,79,1.92,broken clouds
201,Kamena Vourla,GR,38.7784,22.7857,68.0,68,93,9.35,overcast clouds
202,Haines Junction,CA,60.7522,-137.5108,21.15,93,33,1.14,scattered clouds
203,Chapais,CA,49.7834,-74.8492,28.18,85,95,2.89,overcast clouds
204,Linxia,CN,35.6003,103.2064,50.77,60,93,2.46,overcast clouds
205,Coihaique,CL,-45.5752,-72.0662,48.15,76,20,13.8,moderate rain
206,Nyurba,RU,63.2842,118.3319,31.95,97,100,9.01,light snow
207,Sierra Vista,US,31.5545,-110.3037,58.1,55,1,0.0,clear sky
208,Caravelas,BR,-17.7125,-39.2481,84.0,64,24,7.54,few clouds
209,Chumikan,RU,54.7183,135.315,38.41,81,87,12.82,overcast clouds
210,Palmer,US,42.1584,-72.3287,41.14,84,1,2.26,clear sky
211,Rio Gallegos,AR,-51.6226,-69.2181,39.25,87,90,28.77,moderate rain
212,Georgetown,MY,5.4112,100.3354,84.13,78,40,5.99,scattered clouds
213,Lipin Bor,RU,60.2622,37.9763,35.42,73,98,11.86,overcast clouds
214,Ventsy,RU,45.3764,40.8358,54.36,93,100,9.35,overcast clouds
215,Alofi,NU,-19.0595,-169.9187,69.69,83,89,10.36,overcast clouds
216,Cayenne,GF,4.9333,-52.3333,83.08,85,75,3.0,broken clouds
217,San Lawrenz,MT,36.0553,14.204,76.41,86,66,4.0,broken clouds
218,Ornes,NO,66.8689,13.7078,39.31,82,100,9.95,overcast clouds
219,Luderitz,NA,-26.6481,15.1594,74.88,44,0,24.83,clear sky
220,Khatanga,RU,71.9667,102.5,0.93,91,63,15.32,broken clouds
221,Mineral Wells,US,32.8085,-98.1128,71.2,88,75,8.05,broken clouds
222,Port Elizabeth,ZA,-33.918,25.5701,70.09,46,0,13.8,clear sky
223,Dangriga,BZ,16.9692,-88.2321,78.98,80,99,2.42,overcast clouds
224,Kingaroy,AU,-26.5333,151.8333,68.04,56,49,0.0,scattered clouds
225,Novyy Urengoy,RU,66.0833,76.6333,27.12,86,98,17.76,overcast clouds
226,Ponta Delgada,PT,37.7333,-25.6667,70.52,60,20,8.05,few clouds
227,Kanniyakumari,IN,8.0833,77.5667,82.02,77,68,16.33,broken clouds
228,Kodiak,US,57.79,-152.4072,43.29,90,75,12.88,light rain
229,Pisco,PE,-13.7,-76.2167,57.02,94,10,4.61,fog
230,Veraval,IN,20.9,70.3667,82.74,59,11,9.17,few clouds
231,Shupiyan,IN,33.7167,74.8333,44.83,87,96,2.71,overcast clouds
232,Novoagansk,RU,61.9449,76.6625,32.29,77,66,14.12,broken clouds
233,Leningradskiy,RU,69.3833,178.4167,9.81,95,100,7.65,overcast clouds
234,Bilibino,RU,68.0546,166.4372,-11.15,100,96,2.33,overcast clouds
235,Ancud,CL,-41.8697,-73.8203,52.43,95,100,13.82,light rain
236,Lagoa,PT,39.05,-27.9833,66.27,60,43,8.55,scattered clouds
237,Carutapera,BR,-1.195,-46.02,86.34,64,10,9.91,clear sky
238,Taunggyi,MM,20.7833,97.0333,63.91,93,99,3.06,overcast clouds
239,Mahibadhoo,MV,3.7833,72.9667,83.19,71,18,13.56,few clouds
240,Lagos,NG,6.5833,3.75,89.92,57,73,6.44,broken clouds
241,Komsomolskiy,UZ,40.4272,71.7189,63.82,20,0,2.3,clear sky
242,Mehran,IR,33.1222,46.1646,85.48,12,0,20.58,clear sky
243,Iranshahr,IR,27.2025,60.6848,89.94,12,0,9.22,clear sky
244,Lamont,US,35.2597,-118.9143,64.04,67,86,2.84,overcast clouds
245,Hamilton,US,39.1834,-84.5333,55.76,96,90,3.0,mist
246,Norman Wells,CA,65.282,-126.8329,17.64,86,40,2.3,scattered clouds
247,Ilasan,PH,14.0631,121.6328,74.98,92,100,9.15,overcast clouds
248,Bontang,ID,0.1333,117.5,81.09,83,66,8.46,broken clouds
249,Talnakh,RU,69.4865,88.3972,21.61,90,100,5.26,overcast clouds
250,Vao,NC,-22.6667,167.4833,70.81,74,49,13.6,scattered clouds
251,Hongjiang,CN,27.11,109.9956,56.62,72,2,2.73,clear sky
252,Le Mars,US,42.7942,-96.1656,44.11,87,90,0.0,moderate rain
253,Esperance,AU,-33.8667,121.9,75.04,39,78,19.06,broken clouds
254,California City,US,35.1258,-117.9859,58.55,46,1,4.0,clear sky
255,Sawtell,AU,-30.3833,153.1,68.32,81,90,5.75,overcast clouds
256,Portland,US,45.5234,-122.6762,54.54,91,90,11.01,moderate rain
257,Ullapool,GB,57.8987,-5.1604,58.95,75,58,16.42,broken clouds
258,Tomigusuku,JP,26.185,127.675,74.97,78,75,8.05,broken clouds
259,Kahului,US,20.8947,-156.47,77.85,77,1,17.27,clear sky
260,Cuauhtemoc,MX,28.4167,-106.8667,46.53,61,1,5.79,clear sky
261,Alyangula,AU,-13.8483,136.4192,82.27,89,78,3.44,broken clouds
262,Aklavik,CA,68.2191,-135.0107,23.83,95,94,2.57,overcast clouds
263,Lima,PE,-12.0432,-77.0282,58.89,88,90,5.75,mist
264,Itarema,BR,-2.9248,-39.9167,83.75,66,100,14.9,overcast clouds
265,Cidreira,BR,-30.1811,-50.2056,63.79,78,95,14.29,overcast clouds
266,Olinda,BR,-8.0089,-34.8553,83.93,70,75,9.22,broken clouds
267,Bathsheba,BB,13.2167,-59.5167,83.01,69,75,20.71,broken clouds
268,Lata,PT,40.1629,-8.3327,74.48,45,1,3.71,clear sky
269,Oga,IT,46.4631,10.347,47.7,34,0,4.52,clear sky
270,Corinto,GR,37.9407,22.9573,75.63,75,93,5.97,light rain
271,Ketchikan,US,55.3422,-131.6461,39.51,87,96,7.18,overcast clouds
272,Sao Joao Da Barra,BR,-21.6403,-41.0511,77.09,77,24,12.64,few clouds
273,Souillac,MU,-20.5167,57.5167,79.18,69,75,14.97,broken clouds
274,Oranjemund,NA,-28.55,16.4333,69.67,46,0,22.57,clear sky
275,Encruzilhada Do Sul,BR,-30.5439,-52.5219,58.55,63,15,8.25,few clouds
276,Lodwar,KE,3.1191,35.5973,98.51,22,57,18.41,broken clouds
277,Kenora,CA,49.8167,-94.4337,37.38,93,90,3.44,overcast clouds
278,Turukhansk,RU,65.8167,87.9833,31.8,85,100,13.6,overcast clouds
279,Samarai,PG,-10.6167,150.6667,80.76,85,26,11.32,scattered clouds
280,Santa Vitoria Do Palmar,BR,-33.5189,-53.3681,57.92,64,3,11.5,clear sky
281,Broken Hill,AU,-31.95,141.4333,62.31,25,0,8.05,clear sky
282,Bo Phloi,TH,14.3236,99.5161,75.96,84,93,7.14,overcast clouds
283,Gilbues,BR,-9.8317,-45.3439,80.04,61,76,3.11,broken clouds
284,Hohhot,CN,40.8106,111.6522,48.49,53,76,4.47,broken clouds
285,Santa Cruz De La Palma,ES,28.6835,-17.7642,75.34,57,75,8.05,broken clouds
286,Sinnamary,GF,5.3833,-52.95,80.94,84,59,11.48,broken clouds
287,Winnemucca,US,40.973,-117.7357,44.65,81,90,10.36,overcast clouds
288,Laguna,US,38.421,-121.4238,59.02,94,90,5.01,heavy intensity rain
289,Guarapari,BR,-20.6667,-40.4975,80.49,71,4,12.95,clear sky
290,Sao Filipe,CV,14.8961,-24.4956,80.98,64,12,9.78,few clouds
291,Port Augusta,AU,-32.5,137.7667,60.94,66,0,16.13,clear sky
292,Benalla,AU,-36.55,145.9833,49.98,74,0,9.06,clear sky
293,Mishkino,RU,55.3389,63.9175,49.35,90,100,19.84,moderate rain
294,Saint George,US,37.1041,-113.5841,61.54,54,1,1.01,clear sky
295,Ystad,SE,55.4297,13.8204,54.99,72,100,16.78,overcast clouds
296,Trinidad,BO,-14.8333,-64.9,82.38,78,75,6.91,smoke
297,Richards Bay,ZA,-28.783,32.0377,65.5,67,100,11.41,light rain
298,Jiaonan,CN,35.8786,119.9753,55.42,46,89,2.39,overcast clouds
299,Vulcan,RO,45.3833,23.2667,49.48,37,1,3.04,clear sky
300,Thompson,CA,55.7435,-97.8558,26.76,100,90,0.0,overcast clouds
301,Khani,GE,41.9563,42.9566,58.57,50,85,2.3,overcast clouds
302,Boulder City,US,35.9786,-114.8325,62.92,44,1,0.0,clear sky
303,Solnechnyy,RU,50.7214,136.6319,35.04,85,6,4.72,clear sky
304,Anadyr,RU,64.75,177.4833,-1.7,84,75,6.71,broken clouds
305,Poya,NC,-21.35,165.15,72.14,82,52,6.85,broken clouds
306,Bom Jesus,BR,-9.0744,-44.3586,84.99,61,77,1.12,broken clouds
307,Bloemfontein,ZA,-29.1211,26.214,69.28,24,20,6.91,few clouds
308,Pereyaslovskaya,RU,45.8412,39.0238,52.65,75,100,15.48,heavy intensity rain
309,Qena,EG,26.1615,32.7183,84.31,10,0,6.73,clear sky
310,Manta,EC,-0.95,-80.7333,71.38,94,90,6.91,overcast clouds
311,Katangli,RU,51.7102,143.2326,29.53,87,44,5.7,scattered clouds
312,Saint-Ambroise,CA,48.5501,-71.3324,37.0,70,100,11.5,overcast clouds
313,Hofn,IS,64.2539,-15.2082,44.82,80,79,11.39,broken clouds
314,Rosignol,GY,6.2833,-57.5333,77.85,92,100,7.02,overcast clouds
315,Vestmannaeyjar,IS,63.4427,-20.2734,47.39,93,75,16.11,mist
316,Melo,UY,-32.3667,-54.1833,59.02,73,0,9.89,clear sky
317,Sterlitamak,RU,53.6246,55.9502,47.44,77,100,6.91,overcast clouds
318,Salinas,US,36.6777,-121.6555,60.51,73,90,9.22,overcast clouds
319,Bocas Del Toro,PA,9.3333,-82.25,80.08,83,34,4.0,scattered clouds
320,Faanui,PF,-16.4833,-151.75,75.4,92,100,14.14,heavy intensity rain
321,Sao Sebastiao,BR,-23.76,-45.4097,71.47,91,100,7.63,light rain
322,Chernyshevskiy,RU,63.0128,112.4714,30.29,97,100,9.15,light snow
323,Ndele,CF,8.4109,20.6473,90.64,50,57,3.47,broken clouds
324,Kumluca,TR,36.3703,30.2869,74.95,44,0,6.6,clear sky
325,Jining,CN,35.405,116.5814,57.51,53,15,3.09,few clouds
326,Coquimbo,CL,-29.9533,-71.3436,53.33,82,0,3.44,clear sky
327,Kasane,BW,-17.8167,25.15,93.29,29,20,10.36,few clouds
328,Los Llanos De Aridane,ES,28.6585,-17.9182,71.35,70,75,3.0,broken clouds
329,Kokkola,FI,63.8385,23.1307,34.93,90,20,4.0,few clouds
330,Gat,IL,31.61,34.7642,82.4,33,0,14.25,clear sky
331,Parbatipur,BD,25.6649,88.9247,76.48,75,5,3.02,clear sky
332,Llangefni,GB,53.2556,-4.3106,58.73,94,75,26.46,haze
333,Chokwe,MZ,-24.5333,32.9833,71.22,60,100,19.33,overcast clouds
334,Fairbanks,US,64.8378,-147.7164,32.22,87,90,3.44,overcast clouds
335,Fujin,CN,47.26,132.0322,45.05,55,0,6.55,clear sky
336,Uruana,BR,-15.4981,-49.6875,85.73,50,93,9.37,overcast clouds
337,Praia Da Vitoria,PT,38.7333,-27.0667,70.75,77,40,10.78,scattered clouds
338,Bombay,IN,19.0144,72.8479,85.98,62,20,11.5,few clouds
339,Maniitsoq,GL,65.4167,-52.9,25.23,63,35,5.75,scattered clouds
340,Isangel,VU,-19.55,169.2667,74.19,81,14,8.84,few clouds
341,Grindavik,IS,63.8424,-22.4338,46.35,87,90,6.91,heavy intensity rain
342,Labuan,MY,5.2767,115.2417,82.56,83,20,1.01,few clouds
343,Santo Antonio Do Ica,BR,-3.1022,-67.9397,77.38,92,53,0.27,broken clouds
344,Kachiry,KZ,53.0675,76.1036,53.33,65,76,9.84,broken clouds
345,San Patricio,US,28.017,-97.5169,78.89,95,0,6.73,clear sky
346,Vytegra,RU,61.0064,36.4481,35.87,71,65,11.54,moderate rain
347,San Quintin,MX,30.4833,-115.95,60.44,84,31,10.16,scattered clouds
348,Asau,RO,46.4333,26.4,52.75,41,64,5.01,broken clouds
349,Visnes,NO,59.3556,5.2242,54.57,76,75,21.85,broken clouds
350,Nyaunglebin,MM,17.95,96.7333,78.17,87,100,1.9,overcast clouds
351,Chesapeake,US,36.819,-76.2749,64.38,88,90,3.0,mist
352,Mapiripan,CO,2.8892,-72.1256,75.65,92,89,5.44,light rain
353,Kununurra,AU,-15.7667,128.7333,84.18,61,63,8.05,broken clouds
354,Edd,ER,13.9297,41.6925,92.55,52,5,21.45,clear sky
355,Saldanha,ZA,-33.0117,17.9442,71.65,60,0,18.19,clear sky
356,Shuiji,CN,27.4214,118.345,56.88,94,99,2.13,overcast clouds
357,Saurimo,AO,-9.6608,20.3916,84.52,54,75,5.75,broken clouds
358,Hibbing,US,47.4272,-92.9377,30.85,86,1,0.0,clear sky
359,Beloha,MG,-25.1667,45.05,85.46,37,0,18.03,clear sky
360,Luena,AO,-11.7833,19.9167,86.47,36,64,4.7,broken clouds
361,Jambi,ID,-1.6,103.6167,76.64,93,54,3.29,broken clouds
362,Ouadda,CF,8.0777,22.4007,89.13,48,100,6.04,overcast clouds
363,Tenenkou,ML,14.4572,-4.9169,97.43,30,61,7.74,broken clouds
364,Namatanai,PG,-3.6667,152.4333,80.2,81,62,7.11,broken clouds
365,Kralendijk,BQ,12.15,-68.2667,82.38,74,20,13.8,few clouds
366,Firovo,RU,57.4814,33.7021,34.83,80,99,10.36,light rain
367,Flinders,AU,-34.5833,150.8552,61.21,79,41,5.79,scattered clouds
368,Mpika,ZM,-11.8343,31.4529,94.51,15,30,11.7,scattered clouds
369,Valkeala,FI,60.9401,26.7979,36.0,55,0,3.44,clear sky
370,Weston,US,26.1004,-80.3998,80.01,92,40,3.0,scattered clouds
371,Sorkjosen,NO,69.8,20.9333,28.4,69,0,13.8,clear sky
372,Belaya Gora,RU,68.5333,146.4167,-4.22,90,100,3.18,overcast clouds
373,Caen,FR,49.0833,-0.4167,57.42,67,0,13.8,clear sky
374,Moerai,PF,-22.4333,-151.3333,71.8,67,98,10.98,overcast clouds
375,Akureyri,IS,65.6835,-18.0878,30.13,100,90,0.0,overcast clouds
376,Comodoro Rivadavia,AR,-45.8667,-67.5,53.46,40,20,16.11,few clouds
377,Zugdidi,GE,42.5088,41.8709,65.43,56,100,1.3,light rain
378,Ahipara,NZ,-35.1667,173.1667,57.07,96,11,1.57,few clouds
379,Emerald,AU,-23.5333,148.1667,78.94,45,50,5.75,scattered clouds
380,Araouane,ML,18.9048,-3.5265,98.76,18,30,13.89,scattered clouds
381,Port Blair,IN,11.6667,92.75,81.46,76,41,4.52,scattered clouds
382,Sao Jose Da Tapera,BR,-9.5583,-37.3811,86.02,52,53,8.57,broken clouds
383,Walvis Bay,NA,-22.9575,14.5053,68.95,60,20,8.05,few clouds
384,Deniliquin,AU,-35.5333,144.9667,48.52,61,10,11.81,clear sky
385,Alta Floresta,BR,-9.8756,-56.0861,83.43,60,89,4.16,overcast clouds
386,Saint-Georges,GD,12.0564,-61.7485,80.28,83,20,8.05,few clouds
387,Tromso,NO,69.6496,18.957,32.38,86,0,9.22,clear sky
388,Banswara,IN,23.55,74.45,79.79,56,67,3.11,broken clouds
389,Puyallup,US,47.1854,-122.2929,54.25,88,75,4.0,broken clouds
390,Vanderhoof,CA,54.0166,-124.0198,32.23,94,9,2.1,clear sky
391,Svolvaer,NO,68.2342,14.5683,40.5,70,100,14.27,overcast clouds
392,Santa Cruz,BO,-17.8,-63.1667,71.65,68,90,14.97,thunderstorm
393,Deputatskiy,RU,69.3,139.9,0.09,97,100,1.99,light snow
394,Yanam,IN,16.7333,82.2167,86.4,75,47,4.36,scattered clouds
395,Naron,ES,43.5167,-8.1528,60.91,77,81,8.16,broken clouds
396,Mahanje,TZ,-9.9333,35.3333,95.79,18,54,6.49,broken clouds
397,Katsuura,JP,35.1333,140.3,59.14,61,100,6.78,overcast clouds
398,Clyde River,CA,70.4692,-68.5914,14.13,79,61,8.66,broken clouds
399,Cabo San Lucas,MX,22.8909,-109.9124,75.51,75,5,7.0,clear sky
400,Myitkyina,MM,25.3833,97.4,75.79,78,1,0.65,clear sky
401,Idah,NG,7.1065,6.7342,84.29,71,85,2.91,overcast clouds
402,Henties Bay,NA,-22.116,14.2845,60.85,72,54,10.6,broken clouds
403,Port Lincoln,AU,-34.7333,135.8667,55.27,71,2,12.1,clear sky
404,Vostryakovo,RU,55.4006,37.8111,38.59,81,75,17.9,light intensity shower rain
405,Moron,AR,-34.6534,-58.6198,62.02,58,0,8.99,clear sky
406,Bucerias,MX,20.75,-105.3333,78.98,89,100,3.98,overcast clouds
407,Mount Isa,AU,-20.7333,139.5,80.37,61,40,1.14,scattered clouds
408,Gizo,SB,-8.103,156.8419,82.98,75,13,7.67,few clouds
409,Tezpur,IN,26.6333,92.8,74.79,81,0,1.81,clear sky
410,Pemangkat,ID,1.1667,108.9667,81.19,76,19,4.92,few clouds
411,Adrar,MR,20.5022,-10.0711,93.4,11,0,9.04,clear sky
412,Zhireken,RU,52.8249,117.3076,30.52,81,59,2.59,broken clouds
413,Rabapatona,HU,47.6322,17.48,55.8,42,0,5.3,clear sky
414,Bandundu,CD,-3.3167,17.3667,87.46,57,98,5.82,overcast clouds
415,Ust-Kuyga,RU,70.0167,135.6,4.69,97,100,2.1,overcast clouds
416,Bowen,AU,-20.0167,148.2333,75.42,72,94,4.29,overcast clouds
417,Linkou,CN,45.3,130.2833,42.94,60,0,4.23,clear sky
418,Seoul,KR,37.5683,126.9778,53.11,76,0,1.14,clear sky
419,Murud,IN,18.3258,72.965,80.19,74,39,9.66,scattered clouds
420,Chake Chake,TZ,-5.2459,39.7666,86.83,54,57,7.81,broken clouds
421,Santa Engracia,ES,41.9406,-1.3245,64.13,28,44,1.97,scattered clouds
422,Tuxpan,MX,19.55,-103.4,61.74,95,99,2.84,overcast clouds
423,Tura,IN,25.5198,90.2201,69.91,92,5,1.95,clear sky
424,Insar,RU,53.8653,44.3738,41.99,72,83,11.65,broken clouds
425,Sistranda,NO,63.7256,8.834,49.89,75,100,13.04,moderate rain
426,Tuatapere,NZ,-46.1333,167.6833,52.34,97,91,2.17,overcast clouds
427,Farafangana,MG,-22.8167,47.8333,80.85,80,14,14.76,few clouds
428,Tessalit,ML,20.1986,1.0114,98.08,14,11,3.58,few clouds
429,Camocim,BR,-2.9022,-40.8411,83.37,65,94,12.59,overcast clouds
430,Lugoba,TZ,-6.45,38.3333,94.51,29,46,7.87,scattered clouds
431,Vanimo,PG,-2.6741,141.3028,79.11,86,95,5.41,overcast clouds
432,Otane,NZ,-39.8833,176.6333,58.39,95,100,1.68,overcast clouds
433,Paamiut,GL,61.994,-49.6678,30.78,32,100,4.76,overcast clouds
434,Zabaykalsk,RU,49.6333,117.3167,34.86,62,3,2.82,clear sky
435,Ixtapa,MX,20.7,-105.2,78.22,89,100,2.35,overcast clouds
436,Saint-Joseph,RE,-21.3667,55.6167,79.47,75,17,5.08,light rain
437,Shagonar,RU,51.5333,92.8,39.29,67,79,1.25,broken clouds
438,Jumla,NP,29.2747,82.1838,48.9,90,10,4.94,clear sky
439,Cervo,ES,43.6702,-7.4101,63.97,76,73,6.82,broken clouds
440,Grand-Santi,GF,4.25,-54.3833,79.7,81,71,4.43,broken clouds
441,Ishigaki,JP,24.3448,124.1572,71.73,94,75,11.5,broken clouds
442,Kolokani,ML,13.5728,-8.0339,80.74,61,99,4.72,overcast clouds
443,Gboko,NG,7.3179,8.9951,85.95,56,90,3.69,overcast clouds
444,Dingle,PH,10.9995,122.6711,77.58,88,100,1.52,heavy intensity rain
445,San Andres,CO,12.5847,-81.7006,82.42,83,40,4.61,scattered clouds
446,Nome,US,64.5011,-165.4064,24.87,80,90,4.61,overcast clouds
447,Shadrinsk,RU,56.0852,63.6335,45.45,95,100,14.63,moderate rain
448,Arak,IR,34.0917,49.6892,63.72,17,63,13.02,broken clouds
449,Yulara,AU,-25.2406,130.9889,73.24,35,82,14.97,broken clouds
450,Praia,CV,14.9215,-23.5087,82.94,61,20,21.85,few clouds
451,Mizdah,LY,31.4451,12.9801,82.36,29,34,16.02,scattered clouds
452,Skjervoy,NO,70.0311,20.9714,28.4,69,98,11.61,overcast clouds
453,Ryotsu,JP,38.0833,138.4333,53.56,62,59,3.4,broken clouds
454,Sehithwa,BW,-20.4667,22.7167,102.13,13,8,4.27,clear sky
455,Soyo,AO,-6.1349,12.3689,82.45,76,97,11.56,overcast clouds
456,Bud,US,39.447,-86.1758,54.7,96,96,8.57,light rain
457,Gao,ML,16.6362,1.637,100.45,18,63,8.9,broken clouds
458,Tautira,PF,-17.7333,-149.15,75.22,95,100,13.09,very heavy rain
459,Takoradi,GH,4.8845,-1.7554,81.88,77,100,6.38,light rain
460,Constitucion,CL,-35.3333,-72.4167,55.22,65,0,6.49,clear sky
461,Cholet,FR,47.1667,-1.0,63.32,57,73,12.12,broken clouds
462,Aswan,EG,24.0934,32.907,90.59,16,0,10.18,clear sky
463,Songea,TZ,-10.6833,35.65,94.23,17,62,7.63,broken clouds
464,Chifeng,CN,42.2683,118.9636,49.62,45,2,7.56,clear sky
465,Taltal,CL,-25.4,-70.4833,63.81,59,0,3.65,clear sky
466,Raudeberg,NO,61.9875,5.1352,53.96,89,100,14.0,light rain
467,Nantucket,US,41.2835,-70.0995,51.91,65,1,8.05,clear sky
468,Ternate,ID,0.8,127.4,80.53,78,86,2.24,overcast clouds
469,Salalah,OM,17.0151,54.0924,84.29,65,0,14.97,clear sky
470,Ban Phai,TH,16.06,102.731,80.82,78,100,6.42,overcast clouds
471,Sexsmith,CA,55.35,-118.786,36.57,100,90,0.0,fog
472,Luganville,VU,-15.5333,167.1667,78.12,88,55,7.38,broken clouds
473,Twin Falls,US,42.3505,-114.6445,40.89,81,75,8.05,broken clouds
474,Tayu,ID,-6.5397,111.0518,81.88,79,66,5.59,broken clouds
475,Fort Nelson,CA,58.8053,-122.7002,24.39,100,75,4.61,mist
476,Northam,GB,51.0333,-4.2167,59.25,93,79,16.13,broken clouds
477,Hanyang,CN,32.1371,105.5126,58.64,76,99,1.41,light rain
478,Otautau,NZ,-46.15,168.0,50.18,99,96,0.65,overcast clouds
479,Paita,PE,-5.0892,-81.1144,65.03,83,91,10.09,overcast clouds
480,Ostrovnoy,RU,68.0531,39.5131,29.08,89,39,26.75,scattered clouds
481,Coahuayana,MX,18.7333,-103.6833,75.25,94,100,4.21,overcast clouds
482,Port Hardy,CA,50.6996,-127.4199,48.2,87,75,3.44,broken clouds
483,Bubaque,GW,11.2833,-15.8333,82.36,74,92,9.17,overcast clouds
484,Chongwe,ZM,-15.3292,28.682,99.1,14,29,5.28,scattered clouds
485,Sao Joao Do Piaui,BR,-8.3581,-42.2467,88.03,49,30,4.59,scattered clouds
486,Lang Son,VN,21.8333,106.7333,61.16,83,85,3.31,overcast clouds
487,Mapastepec,MX,15.4333,-92.9,74.16,89,60,3.49,broken clouds
488,Sioux Lookout,CA,50.1001,-91.917,30.58,100,90,5.75,mist
489,Abu Dhabi,AE,24.4667,54.3667,91.42,52,0,12.66,clear sky
490,Okhotsk,RU,59.3833,143.3,19.85,71,89,4.25,overcast clouds
491,Itoman,JP,26.1247,127.6694,75.22,78,75,8.05,broken clouds
492,Anloga,GH,5.7947,0.8973,84.42,72,76,7.27,light rain
493,Ambanja,MG,-13.6833,48.45,94.93,50,28,8.88,scattered clouds
494,Sioux Falls,US,43.55,-96.7003,44.46,71,90,11.5,overcast clouds
495,Manjacaze,MZ,-24.7117,33.8828,68.09,78,100,18.57,overcast clouds
496,Redlands,US,34.0556,-117.1825,62.15,84,90,5.75,overcast clouds
497,Maryborough,AU,-25.5333,152.7,77.11,82,98,3.2,overcast clouds
498,Mecca,SA,21.4267,39.8261,96.94,24,3,14.58,clear sky
499,Tarko-Sale,RU,64.9225,77.785,26.96,85,81,21.92,broken clouds
500,Satun,TH,6.8333,100.0,83.91,92,100,2.28,heavy intensity rain
501,Coffs Harbour,AU,-30.3,153.1333,68.27,81,90,4.61,overcast clouds
502,Maldonado,UY,-34.6667,-54.9167,57.22,56,0,10.25,clear sky
503,Semme,FR,46.1963,1.5007,57.61,30,0,7.76,clear sky
504,Koumac,NC,-20.5667,164.2833,72.79,81,44,7.94,scattered clouds
505,Chuy,UY,-33.6971,-53.4616,58.14,61,2,11.74,clear sky
506,Olga,RU,43.7444,135.2892,43.66,62,0,5.44,clear sky
507,Sabanalarga,CO,10.6296,-74.9206,77.67,92,96,3.91,overcast clouds
508,Beyla,GN,8.6833,-8.6333,81.86,64,18,4.79,light rain
509,Zomba,MW,-15.386,35.3188,96.69,16,11,8.97,few clouds
510,Kieta,PG,-6.2167,155.6333,79.57,83,36,4.21,scattered clouds
511,Rio Grande,BR,-32.035,-52.0986,59.95,67,7,16.46,clear sky
512,Asbe Teferi,ET,9.0833,40.8667,76.98,26,1,4.92,clear sky
513,Aripuana,BR,-9.1667,-60.6333,83.79,63,97,4.03,overcast clouds
514,Yagodnoye,RU,62.55,149.6667,-9.02,95,72,3.74,broken clouds
515,Pesaro,IT,43.9036,12.8903,64.94,64,96,3.0,overcast clouds
516,Iracoubo,GF,5.4802,-53.2011,80.17,87,57,11.27,broken clouds
517,Pangnirtung,CA,66.1451,-65.7125,22.84,84,100,4.65,overcast clouds
518,Axim,GH,4.8699,-2.2405,81.91,77,94,7.09,light rain
519,Barkhera,IN,28.45,79.8,76.95,59,8,2.06,clear sky
520,Wanning,CN,18.8003,110.3967,72.39,83,88,13.02,overcast clouds
521,Las Vegas,US,36.175,-115.1372,66.81,42,1,0.0,clear sky
522,Yakeshi,CN,49.2833,120.7333,34.77,66,7,5.01,clear sky
523,Beringovskiy,RU,63.05,179.3167,9.03,83,7,7.58,clear sky
524,General Pico,AR,-35.6566,-63.7568,61.34,33,0,14.41,clear sky
525,Algiers,DZ,36.7525,3.042,66.02,64,40,8.05,scattered clouds
526,Luau,AO,-10.7073,22.2247,91.87,31,82,3.91,broken clouds
527,Mangrol,IN,21.1167,70.1167,82.71,59,40,8.59,scattered clouds
528,Yamada,JP,39.4667,141.95,50.18,79,4,5.82,clear sky
529,Moyale,KE,3.5167,39.0584,84.61,37,51,15.46,broken clouds
530,Whitehorse,CA,60.7161,-135.0538,32.77,86,20,5.99,few clouds
531,Alice Springs,AU,-23.7,133.8833,72.95,28,100,12.66,overcast clouds
532,Galesong,ID,-5.3166,119.3661,80.62,76,60,12.19,broken clouds
533,Taguatinga,BR,-12.3857,-46.5711,89.51,45,93,1.68,overcast clouds
534,Chahal,GT,15.75,-89.5667,71.51,99,89,1.79,overcast clouds
535,Chebenki,RU,51.9337,55.7077,49.75,94,100,9.78,light rain
536,Zhigalovo,RU,54.8097,105.1578,37.89,81,95,4.5,overcast clouds
537,Polson,US,47.6936,-114.1632,42.49,98,59,2.55,broken clouds
538,Qax,AZ,41.4225,46.9242,67.19,51,1,4.05,clear sky
539,Kyaikkami,MM,16.08,97.5675,82.67,77,89,3.58,overcast clouds
540,Iskele,TR,39.484,26.9278,69.82,63,75,20.71,light rain
541,Buraydah,SA,26.326,43.975,91.85,11,0,7.63,clear sky
542,Nosy Varika,MG,-20.5833,48.5333,80.82,79,10,16.42,clear sky
543,San Cristobal,VE,7.7669,-72.225,66.38,85,81,1.63,broken clouds
544,Norilsk,RU,69.3535,88.2027,22.33,93,100,4.99,overcast clouds
545,Maumere,ID,-8.6199,122.2111,81.21,78,52,1.45,broken clouds
546,Sudak,UA,44.85,34.9667,48.69,74,100,12.21,overcast clouds
547,Kalmunai,LK,7.4167,81.8167,81.93,76,95,6.22,overcast clouds
548,Marsh Harbour,BS,26.5412,-77.0636,80.37,76,64,9.35,broken clouds
549,Vanavara,RU,60.34,102.2797,35.55,97,100,11.52,light rain
550,Bijie,CN,27.3125,105.2942,51.89,89,100,3.38,overcast clouds
551,Carmelo,UY,-33.9892,-58.2856,64.17,58,0,9.35,clear sky
552,Flin Flon,CA,54.7682,-101.865,37.24,81,90,10.36,overcast clouds
553,Sandeid,NO,59.5449,5.8636,54.48,88,100,11.01,overcast clouds
554,Mount Gambier,AU,-37.8333,140.7667,48.11,87,90,4.61,overcast clouds
555,Yaguajay,CU,22.3272,-79.2378,75.72,88,78,4.72,broken clouds
556,Trondheim,NO,63.4305,10.3951,50.0,90,100,6.73,overcast clouds
557,Silvassa,IN,20.2667,73.0167,78.37,74,0,6.73,clear sky
558,Ahuimanu,US,21.4447,-157.8378,76.75,73,90,8.05,overcast clouds
559,Ceres,US,37.5949,-120.9577,61.68,90,90,6.91,overcast clouds
560,Valdivia,CL,-39.8142,-73.2459,50.09,99,100,2.93,overcast clouds
561,Korla,CN,41.7597,86.1469,55.44,31,8,3.36,clear sky
562,Bouna,CI,9.2667,-3.0,87.39,55,93,6.13,light rain
563,Mamallapuram,IN,12.6264,80.1722,84.25,70,85,11.48,moderate rain
564,Challans,FR,46.8436,-1.8749,64.96,63,51,12.86,broken clouds
565,Shimsk,RU,58.212,30.7127,38.73,65,76,8.79,broken clouds
566,Douglas,US,41.3,-96.167,48.15,95,90,4.0,light intensity drizzle
567,Rocha,UY,-34.4833,-54.3333,57.83,58,0,8.7,clear sky
568,Misratah,LY,32.3754,15.0925,80.87,51,97,8.37,overcast clouds
569,Strezhevoy,RU,60.7333,77.5889,35.58,83,96,12.97,light rain
570,Rundu,NA,-17.9333,19.7667,102.11,12,31,3.83,scattered clouds
571,Sainte-Suzanne,RE,-20.9061,55.6089,81.1,71,75,14.97,broken clouds
572,Karwar,IN,14.8,74.1333,77.85,85,98,4.41,overcast clouds
573,Kalemie,CD,-5.9475,29.1947,84.51,59,20,16.82,few clouds
574,Kharitonovo,RU,61.4009,47.4978,33.58,74,100,6.69,light snow
575,Thunder Bay,CA,48.4001,-89.3168,32.99,93,75,3.44,broken clouds
576,Arman,RU,59.7,150.1667,20.34,58,78,6.53,broken clouds
577,Piopio,NZ,-38.4667,175.0167,57.96,95,100,5.44,overcast clouds
578,Tepalcatepec,MX,19.1833,-102.85,70.29,94,91,1.05,overcast clouds
579,Husavik,IS,66.0449,-17.3389,30.11,95,100,3.65,overcast clouds
580,Asyut,EG,27.181,31.1837,83.82,19,0,16.89,clear sky
581,Nemuro,JP,43.3236,145.575,51.35,74,2,5.64,clear sky
582,Taoudenni,ML,22.6783,-3.9836,96.26,13,0,8.25,clear sky
583,Ellisras,ZA,-23.6649,27.7443,101.25,9,51,11.16,broken clouds
584,San Jose,US,37.3394,-121.895,61.99,86,90,3.0,light rain
585,Jiuquan,CN,39.7432,98.5174,47.17,31,65,3.89,broken clouds
586,Saint-Augustin,CA,51.226,-58.6502,44.1,88,100,9.37,overcast clouds
587,Cockburn Town,TC,21.4612,-71.1419,82.62,71,79,18.41,broken clouds
588,Pijijiapan,MX,15.7011,-93.23,74.03,87,81,3.91,broken clouds
589,Fortuna,US,40.5982,-124.1573,60.1,74,90,8.99,moderate rain
590,Paka,MY,4.6374,103.4368,82.33,89,40,0.0,scattered clouds
591,Kupang,ID,-10.1667,123.5833,81.93,78,97,5.99,overcast clouds
592,Port Hawkesbury,CA,45.6169,-61.3485,56.79,90,75,10.0,broken clouds
593,Atambua,ID,-9.1061,124.8925,78.51,77,80,0.94,broken clouds
594,Huarmey,PE,-10.0681,-78.1522,62.94,85,25,7.07,scattered clouds
595,Conakry,GN,9.538,-13.6773,87.37,73,54,5.12,broken clouds
596,Lamu,KE,-2.2717,40.902,86.22,66,33,9.89,scattered clouds
597,Alihe,CN,50.5667,123.7167,37.2,72,0,3.18,clear sky
598,Tambacounda,SN,13.7539,-13.7586,91.45,58,0,2.3,clear sky
599,Biak,ID,-0.9131,122.8766,78.33,78,78,2.53,broken clouds
600,Puerto Escondido,MX,15.85,-97.0667,76.05,76,90,3.74,overcast clouds
601,Chirongui,YT,-12.9319,45.1483,87.73,79,5,12.21,clear sky
602,Koster,ZA,-25.863,26.8976,83.5,10,9,11.41,clear sky
603,Novikovo,RU,51.1537,37.8879,48.45,51,65,15.73,broken clouds
604,Pahrump,US,36.2083,-115.9839,60.76,44,100,1.99,overcast clouds
605,Skelleftea,SE,64.7507,20.9528,30.56,93,90,2.3,overcast clouds
606,Aykhal,RU,66.0,111.5,22.26,97,97,6.29,light snow
607,Lipari,IT,38.4674,14.954,78.78,72,83,28.34,broken clouds
608,Ilulissat,GL,69.2167,-51.1,21.22,63,75,16.11,broken clouds
609,Fort Frances,CA,48.5999,-93.4003,34.02,74,1,4.61,clear sky
610,Kopavogur,IS,64.1123,-21.913,46.85,71,75,5.75,broken clouds
611,Hasaki,JP,35.7333,140.8333,48.6,47,90,6.35,overcast clouds
612,Fortuna Foothills,US,32.6578,-114.4119,66.22,54,1,1.01,clear sky
613,Sao Paulo De Olivenca,BR,-3.3783,-68.8725,76.01,95,66,1.77,broken clouds
614,Eucaliptus,BO,-17.5833,-67.5167,52.16,12,1,10.56,clear sky
615,Puerto El Triunfo,SV,13.2833,-88.55,77.16,89,52,4.72,broken clouds
616,Hiji,JP,33.3667,131.5333,60.71,76,99,1.88,overcast clouds
617,Lanzhou,CN,36.0564,103.7922,54.68,47,89,6.4,overcast clouds
618,Galle,LK,6.0367,80.217,80.92,76,54,10.85,broken clouds
619,Khanu Woralaksaburi,TH,16.0617,99.8606,76.01,85,74,5.08,broken clouds
620,Sembe,CG,1.6481,14.5806,82.27,78,56,1.03,moderate rain
621,Tombouctou,ML,20.0,-3.0,97.05,15,5,10.92,clear sky
622,Andenes,NO,69.3143,16.1194,37.38,70,40,16.11,scattered clouds
623,Guiratinga,BR,-16.3494,-53.7583,82.98,62,100,8.66,light rain
624,Boyolangu,ID,-8.1181,111.8935,77.74,82,93,6.13,overcast clouds
625,Uyuni,BO,-20.4597,-66.825,45.57,16,0,9.26,clear sky
626,Marawi,PH,7.9986,124.2928,66.65,91,100,1.57,overcast clouds
627,Takaka,NZ,-40.85,172.8,60.98,98,100,2.57,overcast clouds
628,Tornio,FI,65.8481,24.1466,24.82,74,100,7.2,overcast clouds
629,Bath,GB,51.3779,-2.3591,58.77,90,86,17.34,light rain
630,George Town,MY,5.4112,100.3354,84.13,79,40,5.99,thunderstorm
631,Griffith,US,41.5284,-87.4237,46.94,80,75,1.01,broken clouds
632,Teya,RU,60.3778,92.6267,39.97,94,100,11.41,overcast clouds
633,Meadow Lake,US,34.8014,-106.5436,56.17,48,63,6.89,broken clouds
634,Tandalti,SD,13.0167,31.8667,99.61,20,29,1.95,scattered clouds
635,Bol,TD,13.4586,14.7147,88.75,46,45,5.73,scattered clouds
636,Dzilam Gonzalez,MX,21.2833,-88.9333,73.18,98,79,4.25,broken clouds
637,Ballina,AU,-28.8667,153.5667,71.56,83,90,5.75,overcast clouds
638,Wuwei,CN,37.9281,102.6414,49.77,42,66,3.15,broken clouds
639,Cravo Norte,CO,6.3017,-70.2041,78.55,78,72,10.07,broken clouds
640,Nioro,GM,13.35,-15.75,88.92,57,62,5.84,broken clouds
641,Mareeba,AU,-17.0,145.4333,68.72,91,91,3.33,overcast clouds
642,Sur,OM,22.5667,59.5289,86.0,52,0,6.49,clear sky
643,Hirara,JP,24.8,125.2833,75.47,73,75,5.75,broken clouds
644,Tsiroanomandidy,MG,-18.7667,46.0333,96.22,16,0,4.43,clear sky
645,Khandyga,RU,62.6667,135.6,24.8,98,100,3.11,light snow
646,Kwale,NG,5.7063,6.4374,90.37,54,72,3.0,broken clouds
647,Marsa Matruh,EG,31.3525,27.2453,75.0,59,1,10.11,clear sky
648,Russell,US,32.3502,-85.1999,56.43,87,1,0.0,mist
649,Meadville,US,41.6414,-80.1515,43.45,96,1,4.61,mist
650,Penzance,GB,50.1186,-5.5371,60.76,86,32,16.35,scattered clouds
651,Kashi,CN,39.4547,75.9797,58.21,23,0,6.71,clear sky
652,Warri,NG,5.5167,5.75,91.44,51,42,3.31,scattered clouds
653,Manado,ID,1.487,124.8455,77.77,94,40,1.14,scattered clouds
654,Ust-Ilimsk,RU,58.0006,102.6619,37.49,97,100,12.71,overcast clouds
655,Nayoro,JP,44.3506,142.4578,42.26,94,0,4.03,clear sky
656,Spornoye,RU,50.8448,37.2913,46.42,51,68,15.3,broken clouds
657,Kutum,SD,14.2,24.6667,89.08,16,2,14.5,clear sky
658,Ko Samui,TH,9.5357,99.9357,84.11,74,40,6.91,light rain
659,Kerman,IR,30.2832,57.0788,76.86,16,0,16.11,clear sky
660,Sorong,ID,-0.8833,131.25,80.85,80,84,6.85,broken clouds
661,Loandjili,CG,-4.7561,11.8578,86.11,70,75,9.22,light rain
662,Pacific Grove,US,36.6177,-121.9166,60.66,88,100,7.0,overcast clouds
663,Nuuk,GL,64.1835,-51.7216,27.21,39,20,19.57,few clouds
664,Kingman,US,35.1894,-114.053,59.54,52,1,1.01,clear sky
665,Fonte Boa,BR,-2.4959,-66.2662,82.35,74,60,2.44,broken clouds
666,Sandwick,GB,60.0,-1.25,53.42,94,40,14.97,scattered clouds
667,Mwinilunga,ZM,-11.7358,24.4293,71.19,74,97,9.66,moderate rain
668,Kelowna,CA,49.8831,-119.4857,49.96,87,75,1.99,broken clouds
669,Khandagayty,RU,50.7333,92.05,34.39,72,97,0.43,overcast clouds
670,Harer,ET,9.3094,42.1258,76.51,21,0,4.68,clear sky
671,Culebra,PR,18.303,-65.301,79.2,70,34,1.99,scattered clouds
672,Arandis,NA,-22.4167,14.9667,54.46,29,1,13.2,clear sky
673,Yambio,SS,4.5721,28.3955,90.63,43,75,4.74,broken clouds
674,Melilla,ES,35.2937,-2.9383,73.6,68,20,8.05,few clouds
675,Mandalgovi,MN,45.7625,106.2708,41.16,32,100,6.33,overcast clouds
676,Rafaela,AR,-31.2503,-61.4867,65.05,52,0,1.01,clear sky
677,Outram,MY,1.2829,103.8379,82.42,84,75,0.0,broken clouds
678,North Bend,US,43.4065,-124.2243,54.91,98,90,5.75,mist
679,Partenit,UA,44.578,34.3446,51.21,82,100,12.15,overcast clouds
680,Yichun,CN,47.7,128.9,37.69,69,2,3.53,clear sky
681,Camana,PE,-16.6228,-72.7111,60.6,86,66,9.64,broken clouds
682,Musoma,TZ,-1.5,33.8,79.32,58,92,15.17,overcast clouds
683,Lichuan,CN,30.3,108.85,51.69,81,96,2.08,overcast clouds
684,Chegdomyn,RU,51.1167,133.0167,27.75,96,7,2.95,clear sky
685,Proddatur,IN,14.7333,78.55,87.49,73,100,6.55,overcast clouds
686,Nelson Bay,AU,-32.7167,152.15,64.99,72,69,1.99,broken clouds
687,Kousseri,CM,12.0769,15.0306,98.56,18,4,2.3,clear sky
688,Xian,CN,34.2583,108.9286,54.41,62,87,4.16,overcast clouds
689,Kayseri,TR,38.737,35.4968,68.02,14,0,3.44,clear sky
690,Mayo,US,38.8876,-76.5119,56.16,86,90,3.44,overcast clouds
691,Shaoguan,CN,24.8,113.5833,61.68,76,43,3.13,scattered clouds
692,Batemans Bay,AU,-35.7167,150.1833,56.91,69,82,5.66,light rain
693,Kurtalan,TR,37.9272,41.7028,77.76,14,0,4.61,clear sky
694,Maceio,BR,-9.6658,-35.7353,83.64,83,75,12.66,broken clouds
695,Tongchuan,CN,35.0806,109.0897,52.75,78,96,1.63,overcast clouds
696,Tucumcari,US,35.1717,-103.725,58.84,29,1,10.36,clear sky
697,Lambari,BR,-21.9756,-45.3503,65.35,76,100,8.81,overcast clouds
698,Badin,PK,24.656,68.8384,92.44,21,0,4.56,clear sky
699,Sechura,PE,-5.5569,-80.8222,64.78,81,83,10.56,broken clouds
700,Bac Lieu,VN,9.285,105.7244,80.76,81,100,5.77,overcast clouds
701,Sabang,ID,5.8933,95.3214,81.99,75,100,8.37,overcast clouds
702,Kingseat,GB,56.0974,-3.4084,59.4,84,40,8.01,scattered clouds
703,Boa Vista,BR,2.8197,-60.6733,78.78,83,0,2.3,clear sky
704,Ucluelet,CA,48.9329,-125.5528,55.09,77,100,1.01,light rain
705,Kurumkan,RU,54.3,110.3,34.02,82,42,4.07,scattered clouds
706,Sorland,NO,67.667,12.6934,39.27,81,100,22.59,overcast clouds
707,Balsas,BR,-7.5325,-46.0356,84.31,64,27,3.65,scattered clouds
708,Ostersund,SE,63.1792,14.6357,38.61,100,20,9.22,few clouds
709,Koygorodok,RU,60.445,50.9968,38.82,82,92,1.3,overcast clouds
710,Namibe,AO,-15.1961,12.1522,74.03,68,20,10.36,few clouds
711,Nagar Karnul,IN,16.4821,78.3247,75.16,79,87,4.94,overcast clouds
712,Kathu,TH,7.9178,98.3332,84.69,90,100,2.57,moderate rain
713,Krasnyy Kut,RU,50.95,46.9667,51.73,40,70,11.56,broken clouds
714,Shush,IR,32.1942,48.2436,91.44,13,1,9.55,clear sky
715,Khartoum,SD,15.5518,32.5324,106.02,18,34,1.99,scattered clouds
716,Tekeli,KZ,44.83,78.8239,41.97,54,0,6.89,clear sky
717,Pangoa,PE,-12.1167,-73.0,74.37,83,45,2.26,scattered clouds
718,Buala,SB,-8.145,159.5921,79.95,81,23,4.59,few clouds
719,Ngunguru,NZ,-35.6167,174.5,60.17,93,100,1.61,overcast clouds
720,Altagracia De Orituco,VE,9.8601,-66.3814,75.42,85,60,4.12,broken clouds
721,Vila Velha,BR,-20.3297,-40.2925,80.55,65,0,9.22,clear sky
722,Abeche,TD,13.8292,20.8324,100.42,14,0,13.8,clear sky
723,Tabou,CI,4.423,-7.3528,79.03,86,98,6.11,moderate rain
724,Calca,PE,-13.3333,-71.95,47.55,71,84,2.98,broken clouds
725,Thinadhoo,MV,0.5333,72.9333,83.55,69,28,14.61,scattered clouds
726,Susaki,JP,33.3667,133.2833,60.87,74,99,4.32,overcast clouds
727,Oussouye,SN,12.485,-16.5469,87.98,66,97,5.26,overcast clouds
728,Padang,ID,-0.9492,100.3543,77.05,90,95,2.93,light rain
729,Kikwit,CD,-5.041,18.8162,88.63,49,100,5.82,overcast clouds
